categoria,subcategoria
Abarrotes,Aderezos
Abarrotes,Básicos
Abarrotes,Café y Sucedáneos
Abarrotes,Chocolates y Caramelos
Abarrotes,Comidas en Conserva
Abarrotes,Condimentos y Legumbres
Abarrotes,Dietéticos y Saludables
Abarrotes,Frutas en Conserva
Abarrotes,Galletas
Abarrotes,Golosinas - Varias
Abarrotes,Mascotas
Abarrotes,"Mermel, Mieles"
Abarrotes,Nutrición Infantil
Abarrotes,Productos Americanos
Abarrotes,Productos Importados
Abarrotes,Repostería
Abarrotes,Salsas y Extracto de Tomate
Abarrotes,Snack
Abarrotes,Temporada
Abarrotes,Verduras en Conserva
Aseo Del Bebé,Aseo Del Bebé
Aseo Del Bebé,Pañales
Aseo Del Hogar,Accesorios Del Hogar
Aseo Del Hogar,Limpieza De La Ropa
Aseo Del Hogar,Limpieza De Living y Roperos
Aseo Personal,Cuidado De La Piel
Aseo Personal,Cuidado Del Cabello
Aseo Personal,Cuidado Familiar
Bazar,Articulos de Bebé
Bazar,Articulos de Cocina
Bazar,Automotriz
Bazar,Baño General
Bazar,Bijouteria/Cuidado Personal
Bazar,Bioseguridad
Bazar,Bolsos/Carteras/Maletas
Bazar,Camping General
Bazar,Churrasquería
Bazar,Computadora/Cámara/Filmadora y Accesorio
Bazar,Cotillón
Bazar,Electrodoméstico Cuidado Personal
Bazar,Electrodoméstico Reproductores Sonido
Bazar,Electrodoméstico/Línea Blanca-Hogar
Bazar,Ferretería
Bazar,Jardinería General
Bazar,Librería
Bazar,Living y Dormitorio
Bazar,Mascotas General
Bazar,Menaje Metálico
Bazar,Menaje Plástico
Bazar,Menaje Porcelana/Cerámica
Bazar,Menaje Vidrio/Cristal
Bazar,Regalos/Adornos
Bazar,Telefonía y Accesorios
Bazar,Temporada Carnaval
Bazar,Temporada Halloween
Bazar,Temporada Navidad
Bazar,Temporada Verano
Bazar,Temporadas Restantes
Bazar,Textiles Genéricos/Temporadas
Bazar Importación,Artículos para Bebé
Bazar Importación,Baño General
Bazar Importación,Bijouteria/Cuidado Personal
Bazar Importación,Camping General
Bazar Importación,Churrasquería
Bazar Importación,Cocina General
Bazar Importación,Computadoras/Camaras/Filma y  Accesorio
Bazar Importación,Cotillón
Bazar Importación,Diferenciales Usa
Bazar Importación,Electrodomésticos Cuidado Personal
Bazar Importación,Ferretería
Bazar Importación,Librería
Bazar Importación,Living y Dormitorio
Bazar Importación,Menaje Metálico
Bazar Importación,Menaje Plástico
Bazar Importación,Menaje Porcelana/Cerámica
Bazar Importación,Menaje Vidrio/Cristal
Bazar Importación,Mueblería General
Bazar Importación,Regalos/Adornos
Bazar Importación,Telefonia y Accesorios
Bazar Importación,Temporada Carnaval
Bazar Importación,Temporada Halloween
Bazar Importación,Temporada Navidad
Bebidas,Aguas
Bebidas,Bebidas Usa
Bebidas,Bebidas Varias
Bebidas,Cervezas
Bebidas,Cigarrillos
Bebidas,Energizantes
Bebidas,Gaseosas
Bebidas,Hielos
Bebidas,Isotónicos
Bebidas,"Jugos, Néctar"
Bebidas,Licores
Bebidas,Refrescos en Polvo
Bebidas,Vinos y Champagne
Carnes,Carne de Pollo
Carnes,Carne de Res
Carnes,Carnes Procesadas
Carnes,Carnes al Vacio Externas
Carnes,Otras Carnes
Congelados,Carnes Congeladas
Congelados,"Helados, Cassattas y Picoleses"
Congelados,Masas y Comidas Congeladas
Congelados,Pulpas y Frutas Congeladas
Cuidado Personal,Cuidado Bucal
Cuidado Personal,Cuidado Familiar
Cuidado Personal,Cuidado de la Piel
Cuidado Personal,Cuidado del Adulto
Cuidado Personal,Cuidado del Cabello
Cuidado del Bebé,Cuidado del Bebé
Cuidado del Bebé,Kids
Cuidado del Bebé,Pañales
Cuidado del Hogar,Accesorios del Hogar
Cuidado del Hogar,Insecticidas
Cuidado del Hogar,Limpieza de Baños
Cuidado del Hogar,Limpieza de Cocina
Cuidado del Hogar,Limpieza de Living y Ropero
Cuidado del Hogar,Limpieza de Zapatos
Cuidado del Hogar,Limpieza de la Ropa
Cuidado del Hogar,Productos Americanos
Farmacia Otc,Artículos Bebé
Farmacia Otc,Dermatológicos
Farmacia Otc,Sistema Nervioso Central
Farmacia Otc,Sistema Respiratorio
Farmacia Otc,Tracto Alimentario y Metabolismo
Farmacia Otc,Varios
Farmacia Éticos,Dermatológicos
Farmacia Éticos,Sistema Respiratorio
Farmacia Éticos,Tracto Alimentario y Metabolismo
Fiambres,Fiambres Externos
Fiambres,Fiambres Hipermaxi
Fiambres,Temporada San Juan Externos
Frutas y Verduras,Frutas
Frutas y Verduras,Gourmet
Frutas y Verduras,Ofertas Especiales
Frutas y Verduras,Temporada
Frutas y Verduras,Verduras
Granos y Hortalizas,Derivados Hipermaxi
Granos y Hortalizas,Fraccionados Hipermaxi
Granos y Hortalizas,Hortalizas Delifresh
Granos y Hortalizas,Postres Delifresh
Granos y Hortalizas,Sandwiches Delifresh
Juguetería,Juguetería Didáctica/Temporada
Juguetería,Juguetería Marcas
Juguetería,Juguetería Niña/Bebé
Juguetería,Juguetería Niño/Bebé
Juguetería Importación,Jugueteria Marcas
Juguetería Importación,Juguetería Didáctica/Temporada
Juguetería Importación,Juguetería Niña/Bebé
Juguetería Importación,Juguetería Niño/Bebé
Lácteos y Derivados,Crema de Leche
Lácteos y Derivados,Dulces de Leche y Manjares
Lácteos y Derivados,Huevos
Lácteos y Derivados,Leches
Lácteos y Derivados,Mantequillas y Margarinas
Lácteos y Derivados,Postres
Lácteos y Derivados,Quesos
Lácteos y Derivados,Yogures
Panadería,Panadería Especialidades Hipermaxi
Panadería,Panadería Externa
Panadería,Panadería Hipermaxi
Pastelería y Masas Típicas,Masas Típicas Externas
Pastelería y Masas Típicas,Masas Típicas Hipermaxi
Pastelería y Masas Típicas,Pastelería Externa
Pastelería y Masas Típicas,Pastelería Hipermaxi
