id_producto,producto,proveedor,categoria
7450143162527,Mayonesa Original Kris de 60 gr,Kris,Mayonesa
7450152206495,Avena InstantÃ¡neas Princesa Bolsa de 300 gr,Princesa,Avena Instantanea
7392493469855,Agua con Gas Vital 600 ml,Vital,Agua con Gas
7392495370399,Cappuccino Original NescafÃ© Sobre 20 g 6 u,NescafÃ©,Cafe
7392496844959,Palitos Salados con Queso Bread King 120 g,Bread King,Palitos de Queso
7392503562399,Jugo Tampico Citrus Punch 3 l,Tampico,Jugo de Fruta
7392503922847,Jugo Naranja Del Valle 1 l,Del Valle,Jugo de Fruta
7392581976223,Amarula Crema y Amarula 750 ml,Amarula,Licor
7392583286943,AtÃºn en Aceite Grated A1 de 170g,A1,Atun en Aceite
7392583352479,AtÃºn en Aceite Trozos A1 140 g,A1,Atun en Aceite
7392583450783,AtÃºn en Aceite Filetes A1 170 g,A1,Atun en Aceite
7392583843999,AtÃºn Lomito en Agua Real 354 g,Real,Atun en Agua
7392583876767,AtÃºn Lomitos Ahumados Robinson Crusoe 160 g,Robinson Crusoe,Atun
7392583909535,AtÃºn Lomitos con Aceite Robinson Crusoe 160 g,Robinson Crusoe,Atun en Aceite
7392612876447,Pan Integal Vikinger,Vikinger,Pan
7436947456159,Pipoca Mantequilla Extra Act II de 99 gr,Act II,Pipoca
7436950929567,Gaseosa Papaya cero Azucar La CabaÃ±a de 2000 ml,La CabaÃ±a,Gaseosa
7436952731807,Papas Fritas Lays de 40 gr,Lays,Papas Fritas
7436952764575,Agua sin Gas Mendocina de 1000 ml,Mendocina,Agua sin Gas
7436953059487,Tortilla de Harina Integral Don Taco de 240 gr,Don Taco,Tortilla integral
7436955943071,Sopa Instantanea Lunch Maruchan sabor Carne de Res de 64 gr,Maruchan,Sopa
7436958662815,Tableta para Mosquitos Rapida Accion Raid de 12 Uni,Raid,Tableta para Mosquitos
7436958761119,Hamburguesa Fridogrill Fridosa de 113 gr 6 Uni,Fridosa,Hamburguesa
7436959350943,Galleta Doblon Costa de 30 Uni 420 gr,Costa,Galletas
7436959580319,Agua Sport Villa Santa de 600 ml,Villa Santa,Agua
7436959744159,Avena Instantanea Quaker de 700 gr,Quaker,Avena Instantanea
7436960727199,Galleta Clasica Chokis de 240 gr,Chokis,Galleta
7436960858271,Pan Molde Integral Bimbo de 350 gr,Bimbo,Pan Molde
7436961087647,Gaseosa sabor Uva Fanta 2000 ml,Fanta,Gaseosa
7436961153183,Galleta Mini Festival La Francesa de 50 gr,La Francesa,Galleta
7436961448095,Tabletas para Mosquitos Tyson de 12 Uni,Tyson,Tabletas para Mosquitos
7436962136223,Helado en Barrita de Crema Aguila Arcor de 34 gr,Arcor,Helado
7436962726047,Gaseosa sabor Papaya La CabaÃ±a de 500 ml,La CabaÃ±a,Gaseosa
7436962889887,Jamon Sandwichero Sofia de 250 gr,Sofia,Jamon
7436962955423,Toallas Femenina Antibacterial Invisible Rapigel Nosotras de 10 Uni,Nosotras,Toallas Femeninas
7436963086495,Sopa Instantanea sabor Carne Ajinomen Ajinomoto de 51 gr,Ajinomen,Sopa
7436963741855,Galletas Saladas sabor Pizza Saladix de 30 gr,Saladix,Galleta
7436964298911,Nachos Mexicanos Guadalaja de 50 gr,Guadalajara,Nachos
7436966559903,Gaseosa sabor Limonada Mendocina de 330 ml,Mendocina,Gaseosa
7436977209503,Toallas Humedas Premium Babysec de 80 Uni,Babysec,Toallas Humedas
7436977242271,Toallas Humedas Aloe Natural PequeÃ±in de 50 Uni,PequeÃ±in,Toallas Humedas
7436977602719,Toallas Humedas Recien Nacido Huggies de 80 Uni,Huggies,Toallas Humedas
7436977635487,Toallas Humedas Recien Nacido PequeÃ±in de 40 Uni,PequeÃ±in,Toallas Humedas
7450143260831,CuÃ±ape Surtidos Pan Hogar de 100 gr,Pan Hogar,CuÃ±ape
7450145390751,Palitos Integrales Europan,Europan,Palitos Integrales
7450145456287,Empanadas Morenas Pan Aleman de 4 Uni,Pan Aleman,Empanadas Morenas
7450149879967,Morenitas Integrales de 350 gr,Vikinger,Morenitas Integrales
7450150600863,CuÃ±ape Surtidos Bread King de 25 Uni,Bread King,CuÃ±ape
7453763600543,Te con Canela Ceylan de 20 Uni,Ceylan,Te
7453763731615,Cerveza Pilsener PaceÃ±a de 235 ml,PaceÃ±a,Cerveza
10483734970527,Tai TÃ© Negro Y Frutos Rojos 250 mL,Tai,Te
7392605601951,Leche Descremada Calcifem 800 ml,Pil,Leche Descremeda
7392629391519,Yogurt Pil Sabor Durazno 1000 ml,Pil,Yogurt
7392626606239,Chocolate en Polvo Toddy 200 g,Toddy,Chocolate en Polvo
7392626737311,Chocolate en Polvo Toddy 800 g,Toddy,Chocolate en Polvo
7436954861727,Chocolate en Polvo Toddy de 560 gr,Toddy,Chocolate en Polvo
7436963119263,Cafe Instantaneo Descafeinado Colcafe de 85 gr,Colcafe,Cafe
7392502808735,Gelatina Naranja Kris 230 g,Kris,Gelatina
7392502939807,Gelatina Piña Kris 230 g,Kris,Gelatina
7436950405279,Avena Instantanea Princesa de 350 gr,Princesa,Avena Instantanea
7436951486623,Cerveza Huari de Chocolate de 330 ml,Huari,Huari
10717330243743,Sardina Aceite Vegetal,Fidalga,Sardina en Lata
10717330342047,Sardina en Aceite Ramirez,Fidalga,Sardina en Lata
10717331587231,Pescado en Lata San Lucas,Fidalga,Pescado en Lata
7392612745375,Pan Hamburguesa Fidalga 8 u,Fidalga,Pan para Hamburguesa
7436944244895,Gaseosa Pepsi de 500 ml,Pepsi,Gaseosa
7436960039071,Gaseosa sabor Papaya Salvietti de 600 ml,Salvetti,Gaseosa
7436961710239,Gaseosa sabor Pomelo Mendocina de 330 ml,Mendocina,Gaseosa
7436953125023,Nuggets Dinos Sofia de 500 gr,Sofia,Nuggets
7436983238815,Mortadela Primavera en Barra Sofia de 500 gr,Sofia,Mortadela
10628754636959,Insecticida Baygon Bristar,Fidalga,
7392596131999,Dulce de Leche Granja de Oro 250 g,Granja de Oro,Dulce de Leche
7392600621215,Galletas 7 Semillas HogareÃ±as 189 g,HogareÃ±as,Galletas
7392604946591,Leche Chocolatada Pil en Caja 1050 l,Pil,Leche Chocolatada
7392605405343,Leche de Soya Original Soy 946 ml,Pil,Leche de Soya
7392605470879,Leche de Soya de Chocolate Ades 1 l,Ades,Leche de Soya
7392605536415,Leche de Soya de Vainilla Ades 1 l,Ades,Leche de Soya
7392605634719,Leche Deslactosada En Polvo Pil 760 g,Pil,Leche en Polvo
7392605929631,Leche de Frutilla Delizia 946 ml,Delizia,Leche de Frutilla
7392608518303,Mermelada de Ciruela Arcor 454 g,Arcor,Mermelada
7392611958943,Detergente Ola Futuro 5 l,Ola,Detergente Liquido
7392612155551,Limpia Vidrios Ola Maximus LimÃ³n 900 g,Ola,Limpia Vidrios
7392612221087,Lustra Muebles Flores Ola 3 En 1 850 ml,Ola,Lustra Muebles
7392614252703,Papas Fritas Lays 105 g,Lays,Papa Frita
7392617595039,Patito Detergente Bebe 640 g,Patito,Detergente de Ropa
7392617660575,Patito Detergente Limon 1600 g,Patito,Detergente de Ropa
7392622215327,Papel Higienico Scott Doble Hoja 12 u,Scott,Papel Higienico
7392622739615,Papel Toalla Multiuso Scott 2 rollos,Scott,Servilletas
7392623100063,Servilletas de Papel Hoja MÃ¡xima Suavidad Elite 400 Uni.,Elite,Servilletas
7392623296671,PaÃ±o Reutilizable Scott Duramax 3 u,Scott,Servilletas
7392623624351,Servilletas de Papel Scott Elegance 50 u,Scott,Servilletas
7392624509087,Singani Casa Real Tradicional 750 ml,Casa Real,Singani
7392624541855,Singani Tres Estrella 750 ml,Tres Estrella,Singani
7392624869535,Sopa de Pollo Picante Maruchan 85 g,Maruchan,Sopa Instantanea
7392624967839,Sopa con Verduras Ajinomen 80 g,Ajinomen,Sopa Instantanea
7392625066143,Sopa de Gallina Maruchan 85 g,Maruchan,Sopa Instantanea
7392625164447,Sopa InstantÃ¡nea de Carne Ajinomen 86 g,Ajinomen,Sopa Instantanea
7392625361055,Gaseosa Sprite Original 500 Ml,Sprite,Gaseosa
7392627130527,Vinagre de Alcohol Favinco 500 ml,Favinco,Vinagre
7392627196063,Vinagre de Manzana Favinco 500 ml,Favinco,Vinagre
7436941754527,Agua sin Gas Vital de 600 ml,Vital,Agua sin Gas
7436941852831,Sante Plus con Colageno sabor Limon de 500 ml,Sante,Rehidratante
7436941918367,Sante Plus de Naranja y Limon de 500 ml,Sante,Rehidratante
7436942082207,Juguito de Durazno Pil de 150 ml,Pil,Jugo
7436942114975,Leche con Avena de 140 ml,Pil,Leche con Avena
7436942278815,Jugo de Durazno Ades de 200 ml,Ades,Jugo de Frutas
7436942311583,Juguito de Naranja Pil de 150 ml,Pil,Jugo de Frutas
7436942737567,Leche Entera Del Campo de 946 ml,Del Campo,Leche
7436942803103,Leche de Banana Soy Pil de 946 ml,Soy,Leche de Banana
7436943065247,Leche Deslactosada Pil de 1000 ml,Pil,Leche Deslactosada
7436943294623,Leche Enriquecida Bonle de 900 ml,Bonle,Leche
7436944375967,Sal Yodada y Fluorada de 1000 gr,Industria Salinera Boliviana SRL,Sal
7436944474271,Sante Sport Uva de 500 ml,Sante,Rehidratante
7436944539807,Azucar Unagro de 1000 gr,Unagro,Azucar
7436945457311,Papel Toalla Multiuso Scott de 3 Uni,Scott,Papel Toalla
7436945817759,Limonada Cero Azucar La CabaÃ±a de 2000 ml,La CabaÃ±a,Limonada
7436946079903,Sopa Instantanea de Gallina Ajinomen de 85 gr,Ajinomen,Sopa
7436946342047,Powerade sabor Uva de 990 ml,Powerade,Rehidratante
7436946473119,Nectar de Durazno Pil de 330 ml,Pil,Nectar de Frutas
7436946997407,Limonada con Gas La CabaÃ±a de 500 ml,La CabaÃ±a,Limonada
7436947259551,Esponja de Acero Bombril de 8 Uni 60 gr,Bombril,Bombril
7436947554463,Jabon Blanco Extremo Bolivar de 210 gr,Bolivar,Jabon
7436947783839,Pate Higado de Cerdo Sofia de 100 gr,Sofia,Higado de Cerdo
7436947849375,Limonada Cero La CabaÃ±a de 500 ml,La CabaÃ±a,Limonada
7436947980447,Detergente Patito Limon de 640 gr,Patito,Detergente
7436948144287,Cheetos Horneados Queso de 29 gr,Frito lay,Cheetos
7436948668575,Jugo de Manzana Aquarius de 500 ml,Aquarius,Jugos de Frutas
7436949029023,Mayonesa Light Hellmanns de 475 gr,Hellmanns,Mayonesa
7436949553311,Papel Higienico Clasico Nacional de 6 Uni,Nacional,Papel Higienico
7436949618847,Te Clasico Windsor de 50 u,Windsor,Te
7436949651615,Insecticida Mata Moscas y Mosquitos Baygon Azul de 300 ml,Baygon,Insecticida
7436949717151,Papel Toalla Clasica Megarrollo Nova de 1 Uni,Nova,Papel Toalla
7436949880991,Toallas Femeninas Invisible Nosotras de 10 Uni,Nosotras,Toalla Femenina
7436949946527,Chocolate Costa Vizzio de 21 gr,Vizzio,Chocolate
7436949979295,Detergente en Polvo Omo Matic de 2000 gr,Omo,Detergente
7436950339743,Empanadas Integrales con Queso Bread King de 5 Uni,Bread King,Empanada Integral
7436950831263,Ketchup Hellmanns de 500 G,Hellmanns,Ketchup
7436950864031,Ketchup Hellmanns de 400 G,Hellmanns,Ketchup
7436951158943,Papel Higienico Doble Hoja Scott de 6 Uni,Scott,Papel Higienico
7436951879839,Mayonesa Clasica Hellmanns de 475 gr,Hellmanns,Mayonesa
7436952141983,Sante Sport de Naranja de 500 ml,Sante,Rehidratante
7436952240287,Salsa Roja Don Vittorio de 200 gr,Don Vittorio,Salsa Roja
7436953288863,Hamburguesa sabor Picana de Res Sofia de 83 gr,Sofia,Hamburguesa
7436953682079,Juguito de PiÃ±a Pil de 150 ml,Pil,Jugo de Frutas
7436954304671,Caldo de Pollo Maggi de 75 gr,Maggi,Caldo de Pollo
7436954763423,Gomitas Tiburoncin Mogul de 30 gr,Mogul,Masticable
7436956860575,Fideo Instantaneo sabor Mexicano Nissin de 85 gr,Nissin,Fideo
7436956893343,Sopa Instantanea sabor Pollo Picante Maruchan de 64 gr,Maruchan,Sopa
7436956991647,Sopa con Fideos Caracolitos Knorr de 1075 gr,Knorr,Sopa
7436957253791,Atun Solido en Aceite Norte de 170 gr,Norte,Atun en Aceite
7436957286559,Pickeos de Queso Dr Picks de 200 gr,Dr. Picks,Pickeos
7436957483167,Atun Desmenuzado en Agua Gustoso 170 gr,Gustoso,Atun en Agua
7436958040223,Pate de Higado de Cerdo Sofia de 240 gr,Sofia,Pate de Higado
7436958269599,Mermelada Dietetica de Durazno Arcor de 390 gr,Arcor,Mermelada
7436958433439,Sopa Instantanea sabor Pollo Ajinomen de 51 gr,Ajinomen,Sopa
7436959678623,Sopa Instantanea sabor Camaron Nissin Ramen de 85 gr,Nissin Ramen,Sopa
7436959776927,Sopa Instantanea Calabresa Hot de 85 gr,Nissin Ramen,Sopa Instantanea
7436959940767,Saca Grasa Sapolio de 500 ml,Sapolio,Saca Grasa
7436960792735,Sopa Instantanea sabor Gallina Ajinomen Ajinomoto de 51 gr,Ajinomen,Sopa Instantanea
7436962398367,Sopa Instantanea saboor Costilla Nissin Ramen de 85 gr,Nissin Ramen,Sopa Instantanea
7436963610783,Galletas Cookies Visconti de 60 gr,Visconti,Galletas
7436963676319,Dulce de Leche Sancor de 250 gr,Sancor,Dulce de Leche
7436964003999,Insecticida Mata Todo Tyson de 500 ml,Tyson,Insectisida
7436964069535,Papas Pre Fritas Tradiconales Sofia de 400 gr,Sofia,Papas Fritas
7436964135071,Mostaza con Miel Cepera de 400 gr,Cepera,Mostaza
7436964757663,Salsa Barbacoa Hellmanns de 500 gr,Hellmanns,Salsa Barbacoa
7436966363295,Dulce de Leche Estilo Colonia La Serenisima,La Serenisima,Dulce de Leche
7436966625439,Papas Fritas Congeladas Simplot de 2500 gr,Simplot,Papas Fritas
7436966658207,Ketchup Heinz de 567 G,Heinz,Ketchup
7436966953119,Sopa de Gallina Picante Ajinomen Ajinomoto de 51 gr,Ajinomen,Sopa
7436967116959,Hamburguesa de Res Premium Fridosa de 600 gr 4 Uni,Fridosa,Hamburguesa
7436967837855,Endulcorante Liquido Dietetico Chuker de 500Cc+100 ml,Ckuker,Endulcorante
7436967936159,Mayonesa Hellmanns de 950 gr,Hellmanns,Mayonesa
7436968689823,Margarina Reyna Pil de 850 gr,Reyna,Margarina
7436969476255,Insecticida Mata Mosca Tyson de 500 ml,Tyson,Insectisida
7436969771167,Lavavajilla Proteccion Colageno y Pomelo Ola de 1100 ml,Ola,Lavavajilla
7436969902239,Lavavajilla Limon Sapolio de 1250 ml,Sapolio,Lavavajilla
7436983697567,Pan Molde con Semillas Oroweat de 600 gr,Oroweat,Pan Molde
7436984516767,Cuernito con Queso Fidalga,Fidalga,Cuernito con Queso
7450140672159,Nachos Crespas Mexican Food de 200 gr,Mexican Food,Nachos
7450141917343,Pan Molde Blanco 3 Hermanos,3 Hermanos,Pan Molde
7450144931999,Pan Molde Integral American King de 300 gr,American King,Pan Molde
7450145292447,Pan de Hamburguesa Junior American Bread de 8 Uni,American Bread,Pan Hamburguesa
7450148044959,Pan para Panchito Victoria de 14 Uni 470 gr,Victoria,Pan para Panchito
7450148995231,Pan Molde con Chia Bread King de 500 gr,Bread King,Pan Molde
7450149093535,Galleta de Almendra Vikingo,Vikingo,Galleta
7453763666079,Pan Molde Blanco Grande Fidalga,Fidalga,Pan Molde
7392496615583,Hamburguesa de Res Fridosa Express 6 u 330 g,Fridosa,Hamburguesas
7392499761311,Gomitas Frutales Mogul 80 g,Mogul,Gomitas
7392503988383,Nectar Juguito de Manzana 150 ml,Pil,Jugo de Fruta
7392504578207,Leche Chocolatada Chicolac 140 ml,Pil,Leche de Chocolate
7392505954463,Leche Natural Pil 946 ml,Pil,Leche
7392508838047,Pure de Papas Maggi 250 g,Maggi,Pure de Papas
7392509657247,Mayonesa Hellmanns Clasica 250 g,Hellmann's,Mayonesa
7392509821087,Salsa Barbacoa Hellmann's 400 g,Hellmann's,Salsa Barbacoa
7392510017695,Salsa De Tomate Pomarola Italiana 200 g,Carozzi,Salsa de Tomate
7392511164575,Sopa Instantanea de Pollo y Verdura Ajinomen 80 g,Ajinomen,Sopa Instantanea
7392511230111,Sopa Instantanea sabor Costilla de Res AjÃ­-No-Men 80 g,Ajinomen,Sopa Instantanea
7392583123103,AtÃºn en Aceite de Oliva Van CampÂ´s 160 g,Van Camps,Atun en Aceite de Oliva
7392583221407,AtÃºn en Aceite de Oliva Van CampÂ´s 240 g,Van Camps,Atun en Aceite de Oliva
7392583581855,AtÃºn en Agua Van CampÂ´s 184 g,Van Camps,Atun en Agua
7392583680159,AtÃºn en Agua Van CampÂ´s 240 g,Van Camps,Atun en Agua
7392583778463,AtÃºn en Agua Van CampÂ´s 354 g,Van Camps,Atun en Agua
7392586924191,Cerveza Huari Lata 354 ML,Huari,Cerveza
7392588234911,Choclo en Lata Gustoso de 2.9 kg,Gustoso,Choclo en lata
7392589512863,Mix de Chocolates Nestle Caja 200 g,Nestle,Chocolate
7392493142175,Aceite Fino 900 Ml,Fino,Aceite
7392493404319,Agua con Gas Vital 2 L,Vital,Agua con Gas
7392493568159,Aquarius de Pera 2 L,Aquarius,Jugo de Fruta
7392493699231,Aquarius de Pomelo 2 L,Aquarius,Jugo de Fruta
7392495108255,Pasta Dental Colgate Triple Accion 180 G,Colgate,Pasta de Dientes
7392495206559,Azucar Impalpable El Reposterito 200 G,El Reposterito,Azucar Impalpable
7392495304863,Capuccino Vainilla Colcafe 108 G,Colcafe,Cafe
7392495829151,Cerveza Stella Artois 335 ML,Stella Artois,Cerveza
7392495927455,Cerveza Paceña Pilsener Huari 330 ML,PaceÃ±a,Cerveza
7392495960223,Cerveza Heineken 330 ML,Heineken,Cerveza
7392496025759,Cerveza Huari Miel 330 ML,Huari,Cerveza
7392496058527,Cerveza Paceña Pilsener 473 ML,PaceÃ±a,Cerveza
7392496189599,Cerveza Paceña Pilsener 330 ML,Paceña,Cerveza
7392496484511,Milanesa de Res Sofia 500 G,Sofia,Milanesa de Res
7392496582815,Hamburguesa de Res Express Sofia 12 U,Sofia,Hamburguesas
7392496681119,Nuggets Patitas Sofia 350 G,Sofia,Nuggets
7392496910495,Pan Molde Jenecheru Blanco 700 G,JenecherÃº,Pan Molde
7392496976031,Pan Molde Integal Jenecheru 700 G,JenecherÃº,Pan Molde
7392497139871,Gelatina Cereza Yeli 110 G,Yeli,Postres
7392497434783,Gelatina de Naranja Yeli 110 G,Yeli,Postres
7392498581663,Mentitas Ambrosoli 21 G,Ambrosoli,Mentitas
7392500318367,Pate Higado de Pollo Sofia 100 G,Sofia,Pate de Higado
7392500514975,Galletas Wafs Frutilla 110 G,La Suprema,Galletas
7392500646047,Galleta de Frutilla Wafer Mabels 110 G,Mabels,Galleta
7392501858463,Galleta Serranitas Arcor 115 G,Arcor,Galletas
7392501923999,Gaseosa Papaya Fanta 2 L,Fanta,Gaseosa
7392501956767,Gaseosa Pepsi 2 L,Pepsi,Gaseosa
7392501989535,Gaseosa Coca Cola 2 L,Coca Cola,Gaseosa
7392502022303,Gaseosa Antarctica Guarana 2 L,Antartica,Gaseosa
7392502087839,Gaseosa Antarctica Guarana 500 Ml,Antartica,Gaseosa
7392502186143,Aquarius Pera 3 Lt,Aquarius,Jugo de Fruta
7392502382751,Gaseosa Coca Cola 3 L,Coca Cola,Gaseosa
7392502448287,Gaseosa Coca-Cola Sin Azucar 3 L,Coca Cola,Gaseosa
7392502644895,Gaseosa Pepsi 1 L,Pepsi,Gaseosa
7392502775967,Gaseosa Guarana Fanta 2 L,Fanta,Gaseosa
7392502874271,Harina Trigo Famosa 1 Kg,Famosa,Harina
7392503005343,Gelatina Frutilla Kris 230 G,Kris,Gelatina
7392503038111,Gelatina Light Frutilla Kris 24 G,Kris,Gelatina
7392503136415,Gelatina Limon Kris 230 G,Kris,Gelatina
7392503660703,Nectar Naranja Frutss Pura Vida 2 L,Frutss,Jugo de Fruta
7392503791775,Néctar de Durazno Del Valle 1 L,Del Valle,Jugo de Fruta
7392503857311,Néctar de Durazno Pura Vida 2 L,Pura Vida,Jugo de Fruta
7392503890079,Jugo Del Valle Fresh 3 L,Del Valle,Jugo de Fruta
7392504053919,Jugo de Manzana Ades 1 L,Ades,Jugo de Fruta
7392504119455,Jugo Del Valle Manzana 1 L,Del Valle,Jugo de Fruta
7392504250527,Refresco Pilfrut Manzana 800 Ml,Pil,Refresco
7392504283295,Refresco Pilfrut Naranja 200 Ml,Pil,Refresco
7392504381599,Refresco Pilfrut Piña 200 Ml,Pil,Refresco
7392504447135,Mantequilla Light Regia 450 G,Regia,Mantequilla
7392504479903,Dulce de Leche Pil 250 G,Pil,Dulce de Leche
7392504610975,Leche Deslactosada Larga Vida Pil 800 Ml,Pil,Leche Deslactosada
7392504676511,Leche Soy Chocolate Pil 946 Ml,Soy,Leche de Soya
7392504807583,Yogurt Frutilla Bolsa Pil 1 L,Pil,Yogurt
7392504971423,Leche Light Deslactosada Pil 800 ml,Pil,Leche Deslactosada
7392505135263,Leche Delizia 946 ml,Delizia,Leche
7392505200799,Mantequilla Sin Sal Pil 200 Gr,Pil,Mantequilla
7392505561247,Leche Light Pil 946 Ml,Pil,Leche
7392505626783,Leche Chocolatada Delizia 150 Ml,Delizia,Leche de Chocolate
7392505856159,Yogurt Coco Pil Bolsa 1 L,Pil,Yogurt
7392506019999,Yogurt Pil Frutilla Botella 1 L,Pil,Yogurt
7392506282143,Leche Entera en Polvo Instantánea Pil 120 G,Pil,Leche en Polvo
7392507134111,Toalla de Cocina Scott Duramax 116 Paños,Scott,Papel Toalla
7392508117151,Powerade Multifrutas 990 Ml,Powerade,Rehidratante
7392508149919,Isotónico Sante Frambuesa Sport 500 Ml,Sante,Rehidratante
7392508280991,Hidratante de Fresa Santé Sport 500 Ml,Sante,Rehidratante
7392508575903,Chocolate en Polvo Chocolike Bolsa 400 G,Chocolike,Chocolate en Polvo
7392508641439,Llajua Churrasquera B&R Foods 220 G,B&R,Llajua en Frasco
7392508706975,Flan de Vainilla Miki 120 G,Miki,Flan
7392509624479,Salsa para Nachos B&R Foods 360 G,B&R,Salsa para Nachos
7392509722783,Mostaza con Miel Brixy Botella 280 G,Brixy,Mostaza
7392510083231,Caldo De Carne Doña Gusta 42 G,Doña Gusta,Caldo en Cubo
7392510148767,Mayonesa Regular Kris Doypack 230 G,Kris,Mayonesa
7392510214303,Mayonesa Kris 380 G,Kris,Mayonesa
7392510312607,Ketchup Hellmanns 250 G,Hellmann's,Ketchup
7392510378143,Ketchup Picante Kris 410 ml,Kris,Ketchup
7392510509215,Ketchup Kris 200 G,Kris,Ketchup
7392510673055,Nachos De Maiz Mexican Food 800 G,Mexican Food,Nachos
7392510738591,Papas Fritas Lays Clasicas 185 G,Frito Lays,Papas Fritas
7392510836895,Nachos Guadalajara Limón 150 G,Guadalajara,Nachos
7392580272287,Aceite de Soya Selecto 900 Ml,Selecto,Aceite de Soya
7392580632735,Aceite Fino Light 900 Ml,Fino,Aceite
7392580698271,"Aceite Fino Light 1,8 L",Fino,Aceite
7392582369439,Arroz Caisy Grano de Oro 1 kg,Caisy,Arroz
7392584532127,Jugo Aquarius Pera 500 Ml,Aquarius,Jugo de fruta
7392584695967,Biogurt Pil Sabor Durazno 1 L,Pil,Yogurt
7392585384095,Café Clásico Colcafe 170 G,Colcafe,Cafe
7392585449631,Cafe Iguazú Clásico 200 G,IguacÃº,Cafe
7392588333215,Choclo en Lata Cajamar 280 G,Cajamar,Choclo en lata
7392588398751,Choclo en Lata Gustoso 340 G,Gustoso,Choclo en lata
7392588497055,Choclo en Lata Oderich 500 G,Oderich,Choclo en lata
7392590135455,Chocolike Sachet 1 Kg,Chocolike,Chocolate en polvo
7392590200991,Chocolike Bote 400 G,Chocolike,Chocolate en polvo
7392590299295,Chocolike Frutilla 400 G,Chocolike,Chocolate en polvo
7392590889119,Gaseosa Coca Cola 300 Ml,Coca Cola,Gaseosa
7392590954655,Gaseosa Coca Cola 500 Ml,Coca Cola,Gaseosa
7392596557983,Edulcorante Dulcero Clásico 250 Ml,Dulzero,Despensa y Conservas
7392596885663,Gaseosa Fanta Naranja 300 Ml,Fanta,Gaseosa
7392596951199,Gaseosa Fanta Naranja 500 Ml,Fanta,Gaseosa
7392597180575,Fernet Branca 750 Ml,Branca,Fernet
7392600981663,Galleta Frac Chocolate 130 G,Costa,Galletas
7392601047199,Galleta Frac Clasica 132 G,Costa,Galleta de chocolate
7392601112735,Galleta Frac Vainilla 273 G,Costa,Galletas
7392601145503,Galleta Frac Vainilla 130 G,Costa,Galletas
7392605307039,Leche de Soya Frutilla Soy 946 Ml,Soy,Leche de Soya
7392605765791,Leche Fresca Natural Pil UHT 900 Ml,Pil,Leche
7392606060703,Leche de Frutlla Pil 946 ml,Pil,Leche de Frutilla
7392607240351,Mantequilla con Sal Pil 200 G,Pil,Mantequilla con Sal
7392607305887,Mantequilla con Sal Pil 100 G,Pil,Mantequilla con Sal
7392607436959,Margarina Regia 410 G,Regia,Margarina
7392607502495,Margarina en Vaso Regia 210 G,Regia,Margarina
7392607666335,Margarina Reyna 425 Gr,Pil,Margarina
7392608452767,Gaseosa Mendocina Papaya 3 Lt,Mendocina,Gaseosa
7392608485535,Gaseosa Mendocina Papaya 2 L,Mendocina,Gaseosa
7392608616607,Mermelada de Durazno Arcor 454 Gr,Arcor,Mermelada
7392610222239,Nachos Doritos 200 G,Doritos,Nachos
7392610287775,Nachos Mexican Food 200 G,Mexican Food,Nachos
7392612712607,Pan Frances Por Unidad,Fidalga,Pan Frances
7392613040287,Pan Molde Victoria 580 G,Victoria,Pan Molde
7392617693343,Patito Detergente Limon 150 G,Patito,Detergente de Ropa
7392617955487,Picadillo de Carne Safra 90 G,Safra,Picadillo
7392618021023,Pilfrut Durazno 200 Ml,Pil,Jugo de Fruta
7392618086559,Pilfrut Manzana 200 Ml,Pil,Jugo de Fruta
7392622608543,Servilleta de Papel Perlita 500 Unid,Perlita,Servilletas
7392623427743,Servilletas de Papel Perlita 40 U,Perlita,Servilletas
7392623591583,Servilletas de Papel Scott 500 U,Scott,Servilletas
7392623657119,Servilletas de Papel Super Absorbentes Scott 100 U,Scott,Servilletas
7392626639007,Toddy Original 370 G,Toddy,Chocolate en Polvo
7392627916959,Vital Agua Sin Gas 990 Ml,Vital,Agua
7392627982495,Vital Agua Sin Gas 3 Lt,Vital,Agua
7392628736159,Yogurt Batidito Frutado Pil 90 G,Pil,Yogurt
7392628801695,Yogurt Durazno Delizia 2 L,Delizia,Yogurt
7392628899999,Yogurt Frutilla Delizia 2 L,Delizia,Yogurt
7392628965535,Yogurt Frutilla Pil 200 G,Pil,Yogurt
7392629325983,Yogurt Light Pil 1 L,Pil,Yogurt
7436941590687,Azucar Guabira de 1 K,Guabira,Azucar
7436941787295,Harina Famosa 1 K,Famosa,Harina
7436942049439,Leche Saborizada Chiqui Frutilla 140 Ml,Pil,Leche Saborizada
7436942344351,Leche Natural Larga Vida Purita 950 Ml,Purita,Leche
7436942409887,Jugo del Manzana Del Valle 200 Ml,Del Valle,Jugo de Frutas
7436942475423,Jugos de Durazno Del Valle 200 Ml,Del Valle,Jugo de Frutas
7436942508191,Powerade Multifrutas 473 Ml,Powerade,Rehidratante
7436942540959,Azúcar Aguaí Morena de 1 kg,Aguai,Azucar
7436942606495,Azúcar Morena Guabira  1 kg,Guabira,Azucar
7436942672031,Caldo de Gallina Doña Gusta 42 G,Doña Gusta,Caldo de Gallina
7436942704799,Jugo de Pomelo Aquarius 300 Ml,Aquarius,Jugo de Frutas
7436942770335,Azucar Guabira de 5 Kl,Guabira,Azucar
7436942835871,Gelatina de Frutilla Yeli 120 G,Yeli,Gelatina
7436942868639,Cuñape Abizcochado San Javier 200 G,San Javier,CuÃ±ape Abizcochado
7436942934175,Jugo de Pera Aquarius 300 Ml,Aquarius,Jugo de Frutas
7436943032479,Gelatina de Frambuesa Yeli 110 G,Yeli,Gelatina
7436943098015,Powerade Mora Azul de 990 ml,Powerade,Rehidratante
7436943130783,Papel Higienico Clasico Nacional 12 Uni,Nacional,Papel Higienico
7436943163551,Cerveza Paceña Lata 269 ML,PaceÃ±a,Cerveza
7436943327391,Jugo Fresh de Naranja Del Valle 300 Ml,Del Valle,Jugo
7436943360159,Powerade Mora Azul 473 Ml,Powerade,Rehidratante
7436943458463,Jugo de Pomelo Aquarius 500 Ml,Aquarius,Jugo de Frutas
7436943491231,Agua sin Gas Vital 6 Lt,Vital,Agua
7436943589535,Servilleta de Papel Scott 50 U,Scott,Servilleta
7436943655071,Red Bull Energy Drink 250 Ml,Red Bull,Energizante
7436943687839,Leche Deslactosada Delizia UHT 800 Ml,Delizia,Leche Deslactosada
7436943720607,Leche Bonle de 900 ml,Bonle,Leche
7436943786143,Antisarro Ola Maximus 550 Ml,Ola,Antisarro
7436943851679,Gaseosa Pepsi 3 L,Pepsi,Gaseosa
7436943884447,Gelatina de Piña Yeli 110 G,Yeli,Gelatina
7436943917215,Nectar de Durazno Del Valle de 300 ml,Del Valle,Nectar de Frutas
7436944146591,Agua sin Gas Vital 350 Ml,Vital,Agua sin Gas
7436944179359,Gaseosa Fanta Guarana 500 Ml,Fanta,Gaseosa
7436944212127,Leche con Avena Pil 800 Ml,Pil,Leche con Avena
7436944310431,Leche de Vainilla Soy Pil 946 Ml,Pil,Leche de Vainilla
7436944343199,Caldo de Costilla Doña Gusta 42 G,DoÃ±a Gusta,Caldo de Costilla
7436944408735,Galleta de Chocolate Wafer Mabels,Mabels,Galleta de Chocolate
7436944441503,Jugo de Pomelo Aquarius 3 Lt,Aquarius,Jugo de Frutas
7436944801951,Gelatina de Cereza Light Kris 24 G,Kris,Gelatina
7436944834719,Limonada con Gas La Cabaña de 2 Lt,La cabaÃ±a,Limonada
7436944933023,Huevo Maple Colonia Pirai 12 Uni,Pirai,Huevo
7436944998559,Agua Tonica Mendocina de 1 Lt,Mendocina,Agua Tonica
7436945096863,Biogurt Frutilla Pil de 1 L,Pil,Biogurt
7436945195167,Pate Higado de Pollo Sofia 200 G,Sofia,Higado de Pollo
7436945227935,Enciende Brasa La Guardia,La Guardia,Enciende Brasa
7436945424543,Gaseosa Fanta Papaya 500 Ml,Fanta,Gaseosa
7436945948831,Gaseosa Guarana Antartica 3 L,Antartica,Gaseosa
7436945981599,Gatorade Cool Blue 500 Ml,Gatorade,Rehidratante
7436946014367,Agua con Gas Mendocina 1 Lt,Mendocina,Agua
7436946047135,Yerba Mate Buen Dia,Buen Dia,Yerba Mate
7436946210975,Jugo Del Valle Fresh Citrus 2 Lt,Del Valle,Jugo
7436946407583,Mostaza Kris 200 G,Kris,Mostaza
7436946440351,Gatorade Frutas Tropicales 500 Ml,Tropic,Rehidratante
7436946669727,Nectar de Manzana Frutts Pura Vida de 2 Lt,Pura Vida,Nectar de Frutas
7436946735263,Galleta Hogareña Salvado Arcor 200 G,HogareÃ±a,Galleta
7436946768031,Pudin de Chocolate Kris 113 G,Kris,Pudin
7436946800799,Gaseosa Sprite 3 L,Sprite,Gaseosa
7436946833567,Galleta de Chocolate Wafer Mabels 46 G,Mabels,Galleta de Chocolate
7436946899103,Leche Light Delizia 946 Ml,Delizia,Leche Light
7436947030175,Nectar de Durazno Frutts Pura Vida  3 Lt,Pura Vida,Nectar de Frutas
7436947062943,Yogurt Bebible de Mora Pil 1 L,Pil,Yogurt
7436947095711,Cereal Chocapic 250 G,Chocapic,Cereal
7436947128479,Jugo de Durazno Del Valle 2 Lt,Del Valle,Jugo de Frutas
7436947161247,Leche Deslactosada de Chocolate Pil 800 Ml,Pil,Leche Deslactosada
7436947194015,Yogurt de Durazno Pil de 1 L,Pil,Yogurt
7436947226783,Antigrasa Ola Maximus 890 Ml,Ola,Antigrasa
7436947292319,Palitos Integrales Bread King,Bread King,Palitos Integrales
7436947325087,Pilfrut de Frutilla 200 Ml,Pil,Pilfrut
7436947423391,Gaseosa Fanta Guarana 3 L,Fanta,Gaseosa
7436947488927,Leche Deslactosada de Frutilla Pil 800 Ml,Pil,Leche Deslactosada
7436947521695,Agua con Gas Mendocina 600 Ml,Mendocina,Agua con Gas
7436947619999,Durazno al Jugo Gustoso 820 G,Gustoso,Durazno al Jugo
7436947652767,Te con Canela Windsor 20 Uni,Windsor,Te con Canela
7436947718303,Mate de Manzanilla Windsor 20 Uni,Windsor,Mate
7436947914911,Gaseosa Fanta Mandarina 500 Ml,Fanta,Gaseosa
7436947947679,Carbon La Guardia 4 K,La Guardia,Carbon
7436948177055,Vino Tinto Kohlberg 750 Ml,Kohlberg,Vino
7436948209823,Agua con Gas Mendocina 2 Lt,Mnedocina,Agua con Gas
7436948439199,Cerveza Zero Grau Conti de 269 ML,Conti,Cerveza
7436948471967,Hamburguesa Fridosita de Res Fridosa 166 G,Fridosa,Hamburguesa
7436948635807,Sal Lobos de 125 G,Lobos,Sal
7436948766879,Gaseosa Coca Cola Sin  Azúcar 2 L,Coca Cola,Gaseosa
7436948963487,Gaseosa Guarana Mendocina 1 L,Mendocina,Gaseosa
7436949094559,Mostaza Kris de 500 gr,Kris,Mostaza
7436949160095,Servilletas de Papel Nacional 500 Uni,Nacional,Servilleta
7436949422239,Gaseosa Fanta Mandarina de 2 L,Fanta,Gaseosa
7436949520543,Gaseosa Piña Mendocina 1 L,Mendocina,Gaseosa
7436949586079,Sopa sabor Carne de Res Maruchan Ramen 85 G,Maruchan Ramen,Sopa Instantanea
7436949749919,Gaseosa Fanta Papaya 3 L,Fanta,Gaseosa
7436949782687,Gaseosa Fanta 2 L,Fanta,Gaseosa
7436949815455,Ciclon Energy Drink 500 Ml,Ciclon,Rehidratante
7436950012063,Ciclon Energy Drink 350 Ml,Ciclon,Energizante
7436950110367,Mayonesa Kris Doypack de 1 K,Kris,Mayonesa
7436950143135,Te con Canela Windsor 50 Uni,Windsor,Te
7436950175903,Cafe Gourmet Iguacu 50 G,Iguacu,Cafe
7436950208671,Jugo de Manzana Del Valle de 2 Lt,Del Valle,Jugo de Frutas
7436950241439,Detergente en Polvo Hortencia Surf 800 G,Surf,Detergente
7436950306975,Azucar Morena Unagro de 1 K,Unagro,Azucar Morena
7436950438047,Gelatina de Piña Light Kris 24 G,Kris,Gelatina
7436950601887,Jabon Antibacterial Bolívar 210 Gr,Bolivar,Jabon
7436950732959,Jabon Blanco Brillante Uno 220 G,Uno,Jabon
7436950765727,Gaseosa Fanta de 3 L,Fanta,Gaseosa
7436950798495,Te con Canela y Clavo de Olor Windsor 64 Uni,Windsor,Te con Canela
7436951126175,Doritos sabor Queso Frito Lay 47 G,Frito Lay,Doritos
7436951191711,Pañuelo Mentolado Triple Hoja Elite 6 Uni,Elite,Pañuelo
7436951322783,Papel Toalla Multiuso Nacional 2 Uni,Nacional,Papel Toalla
7436951388319,Cafe Iguazu 50 G,Iguazu,Cafe
7436951519391,Gaseosa Papaya Mendocina de 1 L,Mendocina,Gaseosa
7436951552159,Super Sal Lobos 250 G,Lobos,Sal
7436951715999,Gaseosa Sprite Sin Azúcar 2 L,Sprite,Gaseosa
7436951945375,Gomitas de Dientes Mogul Arcor 150 G,Arcor,Gomitas
7436952109215,Leche Instantanea Pil de 760 G,Pil,Leche
7436952174751,Nectar de Manzana Del Valle 300 Ml,Del Valle,Nectar de Frutas
7436952404127,Mate de Manzanilla Windsor 100 Uni,Windsor,Mate
7436952436895,Hamburguesa de Res en Tubo FrIdosita de 83 G 12 Uni,Fridosa,Hamburguesa
7436952502431,Servilleta de Papel Elite 100 Uni,Elite,Servilleta
7436952600735,Sopa Instantánea de Carne Picante Ajinomen 85 G,Ajinomoto,Sopa
7436953256095,Néctar de Piña Pura Vida Frutts de 2 Lt,Pura Vida,Nectar de Frutas
7436953452703,Energizante de Frutilla Activade 600 Ml,Activade,Energizante
7436954108063,Hamburguesa Clásica de Pollo Sofia de 83 G 2 Uni,Sofia,Hamburguesa
7436954599583,Energizante de Frambuesa Activade  600 Ml,Activade,Energizante
7436954632351,Te Clasico Windsor de 20 Uni,Windsor,Te
7436954665119,Galleta de Dulce de Leche Wafer Mabels 110 G,Mabels,Galleta
7436954796191,Galleta Clásica Costa Frac 273 Gr,Costa,Galleta
7436954828959,Galleta de Frutilla Wafer Mabels 46 G,Mabels,Galleta
7436954992799,Jugo Del Valle Fresh Citrus de 500 Ml,Del Valle,Jugo de Frutas
7436955025567,Nectar de Manzana Frutts Pura Vida 3 Lt,Pura Vida,Nectar de Frutas
7436955287711,Nectar de Tumbo Frutts Pura Vida 2 Lt,Pura Vida,Nectar de Frutas
7436955418783,Energizante Monster Energy 473 Ml,Monster,Energizante
7436955615391,Limpia Vidrio Todo Brillo 900 Ml,Todo Brillo,Limpia Vidrio
7436955975839,Nissin Ramen sabor Pollo 85 G,Nissin,Sopa Instantanea
7436956008607,Super Papitas Picante 20 G,Super Papitas,Papas Friras
7436956270751,Aceitunas Verdes Del Bono  140 G,Del Bono,Aceituna
7436956401823,Energizante Black 330 Ml,Black,Energizante
7436956500127,Palito de Sesamo Bread King,Bread King,Palito de Sesamo
7436956926111,Ketchup Kris de 400 G,Kris,Ketchup
7436956958879,Gelatina Light de Naranja Kris 24 G,Kris,Gelatina
7436957057183,Super Sal Lobos 500 G,Lobos,Sal
7436957089951,Ketchup Tomato Heinz 397 G,Heinz,Ketchup
7436957122719,Pañuelo Desechable Mentolado Elite de 6 Uni,Elite,Pañuelos Deséchales
7436957384863,Galleta de Mantequilla Club Social 234 G,Club Social,Galleta
7436957515935,Agua sin Gas Villa Santa 2 Lt,Villa Santa,Agua sin Gas
7436957548703,Agua Natural Sante 600 Ml,Sante,Agua
7436958105759,Nectar de Manzana Del Valle 3 Lt,Del Valle,Nectar de Frutas
7436958138527,Aceituna Etiqueta Verde Del Bono 220 G,Del Bono,Aceitunas
7436958466207,Bebida Isotonica sabor Frambuesa Activade 1 Lt,Activade,Energizante
7436958498975,Nectar de Durazno Del Valle 3 Lt,Del Valle,Nectar de Frutas
7436958695583,Gaseosa Papaya Mendocina 330 Ml,Mendocina,Gaseosas
7436958793887,Cerveza Burguesa 473 ML,Burguesa,Cerveza
7436958826655,Esponjas Multiuso Bristar de 4 Uni,Bristar,Esponjas
7436959285407,Galleta sabor Dulce de Leche Wafer Mabels 46 G,Mabels,Galletas
7436959318175,Sopa Instantanea de Pollo Maruchan 85 G,Maruchan,Sopa
7436959383711,Galleta sabor Fresa Waffer Bauduco 140 Gr,Bauducco,Galletas
7436959449247,Papa Fritas Congelada Simplot 700 G,Simplot,Papas Fritas
7436959514783,Detergente en Polvo Perfecto Resultados Skip de 2 K,Skip,Detergente
7436959613087,Yogurt sabor Coco Pil 1 L,Pil,Yogurt
7436959711391,Flan sabor Vainilla Kris 60 G,Kris,Flan
7436959809695,Galleta Rellena de Limón Mana Arcor 165 Gr,Arcor,Galleta
7436960006303,Gaseosa Manzana Simba 2 L,Simba,Gaseosa
7436960268447,Gaseosa Guarana Mendocina de 330 Ml,Mendocina,Gaseosa
7436960366751,Nectar de Manzana Pura Vida Frutts 500 Ml,Pura Vida,Nectar de Frutas
7436960399519,Papel Higienico Doble Hoja Esencias Scott 4 Uni,Scott,Papel Higienico
7436960432287,Antigrasa Ola Maximus 890 Ml,Ola,Antigrasa
7436960694431,Toddy Original 800 K,Toddy,Chocolate en Polvo
7436960759967,Nachos con Chile y Limon Guadalajara 150 G,Guadalajara,Nachos
7436961218719,Sopa Instantanea Carne Nissin Ramen 85 G,Nissin Ramen,Sopa Instantanea
7436961251487,Harina Leudante Princesa 1 K,Princesa,Harina
7436961644703,Gaseosa Cola Mendocina 1 L,Mendocina,Gaseosa
7436961677471,Jugo de Manzana Frut All de 200 ml,Frutt All,Jugo de Frutas
7436961743007,Gaseosa Piña Simba 2 L,Simba,Gaseosa
7436961775775,Mostaza Kris de 400 gr,Kriss,Mostaza
7436961808543,Te de Canela y Clavo de Olor Ceylan 20 Uni,Ceylan,Te
7436961841311,Cocoa Celinda 160 G,Celinda,Cocoa
7436962070687,Pollo Relleno Sofia en Caja,Sofia,Pollo Relleno
7436962168991,Cereal Zucaritas Kelloggs 420 G,Kelloggs,Cereal
7436962201759,Silpancho de Res en Caja Sofia,Sofia,Silpancho de Res
7436962234527,Crema de Champiñones Kris 78 G,Kris,Crema de ChampiÃ±ones
7436962660511,Papel Higiénico Classic Celeste Nacional 24 Uni,Nacional,Papel Higienico
7436962693279,Jugo de Tampico Citrus Punch de 2.5 Lt,Citrus,Jugo de Frutas
7436962758815,Doritos Fritos Lays 110 G,Frito Lays,Doritos
7436962922655,Limpia Baños Ola Maximus 890 Ml,Ola,Limpia BaÃ±os
7436963053727,Endulzante Liquido Dietetico Si Diet 600 Ml,Si Dietetico,Endulcorante
7436963152031,Galleta Waffer Limon Mabels 110 G,Mabels,Galleta
7436963643551,Sal Parrillera Lobos 750 G,Lobos,Sal
7436963807391,Avena Instantanea Princesa 800 G,Princesa,Avena Instantanea
7436963872927,Pasta Dental Xtra Whitening Pepsodent 130 G,Pepsodent,Pasta Dental
7436964036767,Avena Instanea La Suprema 500 G,La Suprema,Avena Instantanea
7436964102303,Masticable de Ositos Mogul Arcor 30 G,Arcor,Masticable
7436964167839,Crema de Esparragos Kris 75 G,Kris,Crema de Esparrago
7436964200607,Galleta de Chocolate Waffer Bauducco 140 G,Bauducco,Galleta
7436964233375,Harina Leudante Famosa 1 K,Famosa,Harina
7436964331679,Pepinillos al Vinagre Yacobs 370 Gr,Yacobs,Pepinillo
7436965216415,Detergente en Polvo Perfect White Skip de 2 K,Skip,Detergente en Polvo
7436965281951,Desinfectante Floral Ola Aromatic 1.8 Lt,Ola,Desinfectante
7436965445791,Almidon de Maiz Maizena 500 G,Maizena,Almidon de Maiz
7436965478559,Te con Canela y Clavo de Olor Windsor de 130 Uni,Windsor,Te
7436965642399,Nectar de Guayaba Pura Vida Frutss 2 Lt,Pura Vida,Nectar de Frutas
7436965675167,Cerveza Zero Conti 473 ML,Conti,Cerveza
7436965707935,Te Canela y Clavo Windsor 20 Uni,Windsor,Te
7436965871775,Galleta Mini Cremosita sabor Vainilla Mabels 360 G,Mabels,Galleta
7436965970079,Milanesa de Pollo Sofia  4 Uni,Sofia,Milanesa de Pollo
7436966494367,Vino Tinto Campo de Solana 750 Ml,Campo de Solana,Vino
7436966756511,Sopa de Fideo con Pollo Maggi 70 G,Maggi,Sopa
7436966985887,Galleta Cremosita sabor Frutilla Mabels 360 G,Mabels,Galleta
7436967018655,Azúcar La Belgica 5 K,La Belgica,Azucar
7436967051423,Lasaña Precocida Carozzi 360 G,Carozzi,LasaÃ±a
7436967149727,Margarina Regia de 850 G,Regia,Margarina
7436967510175,Nectar de Durazno Pura Vida Frutts Pil 500 Ml,Pura Vida,Nectar de Frutas
7436967674015,Atun al Aceite Van Camps 354 G,Van Camps,Atun
7436967706783,Gaseosa Papaya Salvietti de 3 L,Salvietti,Gaseosa
7436967739551,Avena Instantanea La Suprema 400 G,La Suprema,Avena Instantanea
7436967968927,Galleta Coco Wafer Mabel 110 G,Mabels,Galleta
7436968099999,Sopa de Pollo con Arroz Maggi 70 Gr,Maggi,Sopa de Pollo
7436968296607,Nectar de Manzana Frut All 1 Lt,Frutt All,Jugo de Frutas
7436968329375,Cerveza Burguesa Lata 350 ML,Burguesa,Cerveza
7436968362143,Cerveza Pilsener Potosina 355 ML,Potosina,Cerveza
7436968984735,Aji Panca Picante Sibarita 85 Gr,Aji Picante,Sibarita
7436969017503,Trigo Pelado El Cocinero 400 G,El Cocinero,Trigo
7436969083039,Mate de Trimate Windsor 50 Uni,Windsor,Te
7436969509023,Toalla de Papel Reutilizable Antibacterial Duramax Scott de 1 Uni,Scott,Toalla de Papel
7436969672863,Detergente en Polvo Floral Patito 150 G,Patito,Detergente
7436969935007,Detergente en Polvo Skip 700 G,Skip,Detergente
7450140180639,Agua sin Gas Vital 2 Lt,Vital,Agua
7450140410015,Gelatina de Cereza Kris 250 G,Kris,Gelatina
7450140508319,Tortilla Harina de Trigo Don Taco 360 G,Don Taco,Tortilla de Harina
7450140573855,Hielo en Cubito Oriental 3 K,Oriental,Hielo
7450140639391,Levadura Fleishmann 20 G,Fleishmann,Levadura
7450140704927,Pan Molde Negro Grande Victoria 630 G,Victoria,Pan Molde
7450140868767,Gelatina de Frambuesa Kris 250 G,Kris,Gelatina
7450140967071,Nachos de Maiz Mexican Food 400 G,Mexican Food,Nachos
7450141032607,Pan Molde Integral con Avena Jenecheru de 700 gr,Jenecheru,Molde Integral
7450141393055,Champinones en Lata Norte 184 G,Norte,ChampiÃ±ones
7450141687967,Pan de Leche Chico Victoria 140 G,Victoria,Pan de Leche
7450141720735,Papas Fritas Grande Krosty 180 G,Krosty,Papa Fritas
7450141851807,Huevo Grande Colonia Pirai 12 Uni,Colonia Pirai,Huevo
7450142113951,Palitos Integrales con Queso Jenecheru,Jenecheru,Palitos con Queso
7450142343327,Mayonesa Regular Kris 500 G,Kris,Mayonesa
7450142539935,Mayonesa sabor Limon Kris 125 G,Kris,Mayonesa
7450143817887,Quinua Real El Cocinero 400 G,El Cocinero,Quinua
7450143916191,Ketchup Kris de 60 G,Kris,Ketchup
7450144047263,Pan Molde Integral con Avena Jenecheru 500 G,Jenecheru,Pan Molde
7450144211103,Servilleta de Papel Nacional de 200 Uni,Nacional,Nacional
7450144276639,Pan Molde Blanco Chico Victoria de 280 gr,Victoria,Pan Molde
7450144997535,Pimienta Molida El Cocinero de 30 gr,El Cocinero,Pimienta Molida
7450145063071,Harina Princesa de 1 K,Princesa,Harina
7450145620127,Salsa Picante Brixy 150 Ml,Brixy,Salsa Picante
7450145685663,Yerba Buen Dia 250 G,Buen Dia,Yerba
7450145718431,Papa Rayada Krosty 300 G,Krosty,Papa Rayada
7450145915039,Te con Canela Miki  20 Uni,Miki,Te
7450146013343,Jalapenos Brixy 370 G,Brixy,JalapeÃ±os
7450146046111,Maiz para Pipoca El Cocinero de 400 gr,El Cocinero,Maiz
7450146439327,Comino Molido El Cocinero 30 G,El Cocinero,Comino Molido
7450146537631,Frejol Negro El Cocinero de 440 G,El Cocinero,Frejol
7450146799775,Pepinillo Entero Brixy de 450 G,Brixy,Pepinillo
7450146898079,Canela en Rama El Cocinero de 20 G,El Cocinero,Canela
7450147127455,Papel Higienico Premier Soft 12 Uni,Premier Soft,Papel Higienico
7450147356831,Oregano El Cocinero de 12 G,El Cocinero,Oregano
7450147881119,Salsa de Soya Sakura 500 Ml,Sakura,Salsa Soya
7450147979423,Mostaza Kris de 1000 G,Kris,Mostaza
7450148307103,Maiz para Pipoca El Cocinero 1000 G,El Cocinero,Maiz
7450148896927,Ajo Puro Molido El Cocinero 30 G,El Cocinero,Ajo
7450149126303,Crema de Choclo Kris de 75 gr,Kris,Crema de Choclo
7450149355679,Salsa Soya Sakura de 250 Ml,Sakura,Salsa Soya
7450149453983,Pan Hamburguesa 1/4 Libra Jenecheru,Jenecheru,Pan de Hamburguesa
7450149585055,Gelatina de Fresa Miki 250 G,Miki,Gelatina
7450149650591,Polvo de Hornear Royal Kris 57 G,Kris,Polvo de Hornear
7450149748895,Salsa Tomate Lazzaroni 200 G,Lazzaroni,Salsa de Tomate
7450150240415,Mayonesa Picante Kris 230 G,Kris,Mayonesa
7450151747743,Ketchup Kris de 500 G,Kris,Ketchup
7450151878815,Mayonesa Light Kris 200 G,Kris,Mayonesa
7450152009887,Pan Molde Negro Grande Fidalga,Fidalga,Pan Molde
7450152796319,Pan Molido Fidalga de 500 gr,Fidalga,Pan Molido
7453763371167,Leche Saborizada Frutilla Delizia de 150 ml,Delizia,Leche Saborizada
7453763436703,Gaseosa Sprite 2 L,Sprite,Gaseosa
9194463101087,Salsa La Costeña Picante 140 ML,La Costeña,Salsa
9194468475039,Salsa La Costeñaa Dip Mild 453 Gr,La Costeña,Salsa
9194470965407,Salsa La Costeña Casera Mexicana 220 Gr,La CosteÃ±a,Salsa
9194471489695,Salsa La Costeña Verde 220 Gr,La CosteÃ±a,Salsa
9194472865951,Salsa La Costeña Casera Mexicana 450 Gr,La CosteÃ±a,Salsa
9194472964255,Salsa La Costeña Verde 450 Gr,La CosteÃ±a,Salsa
9194473062559,Salsa La Costeña Ranchera 450 Gr,La Costeña,Salsa
9194473357471,Salsa La Costeña Frijoles Bayos Refritos Con Chorizo 440 Gr,La CosteÃ±a,Salsa
9194473816223,Salsa La Costeña Frijoles Bayos Refritos 400 Gr,La CosteÃ±a,Salsa
9194474930335,Salsa La Costeña Frijoles Bayos Refritos 580 Gr,La Costeña,Salsa
9194476568735,Salsa La Costeña Frijoles Negros Refritos 400 Gr,La CosteÃ±a,Salsa
9194477289631,Salsa La Costeña Frijoles Negros Refritos 580 Gr,La CosteÃ±a,Salsa
9194480664735,Salsa La Costeña Rajas De Jalapeño 380 Gr,La CosteÃ±a,Salsa
9194482499743,Salsa La Costeña Rajas De Jalapeño 820 Gr,La CosteÃ±a,Salsa
9194482860191,Salsa La Costeña Jalapeños Enteros 780 Gr,La CosteÃ±a,Salsa
9194483351711,Salsa La Costeña Jalapeños Enteros 380 Gr,La CosteÃ±a,Salsa
9194483843231,Salsa La Costeña Frijoles Negros Enteros 400 Gr,La CosteÃ±a,Salsa
9194484203679,Salsa La Costeña Serranos Enteros 380 Gr,La CosteÃ±a,Salsa
9194484334751,Salsa La Costeña Nachos De Jalapeños 380 Gr,La CosteÃ±a,Salsa
9194484498591,Salsa La Costeña Nachos De Jalapeño 820 Gr,La CosteÃ±a,Salsa
9197934510239,Huevo Marron Mediano Sofia 12 U,Sofia,Huevos
9197935198367,Huevo Marron Grande Sofia 30 U,Sofia,Huevos
9197936935071,Leche entera EBA 946 ml,EBA,Leche
10516854374559,Cerveza Budweiser 269 ML,Fidalga,
10628748738719,Durazno La Colina,Fidalga,
10628750868639,Maicena Paladio,Fidalga,
10713715441823,Mocochinchi Casa del Camba,Casa del Camba,
10713717145759,Chicha Casa del Camba,Casa del Camba,Bebida
10713717833887,Pepsi Black,Pepsi,Gaseosa
10713718784159,Nuggets Fridosa,Fridosa,Nuggets
10713719636127,Hamburguesa Fridosa,Fridosa,Hamburguesa
10713720160415,Jamon Sandwichero,Fridosa,Jamon
10713720684703,Jamon Colonia Piray,Colonia Pirai,Jamon
10713721077919,Avena Instantanea,Princesa,Avena Instantanea
10713747488927,Coca Cola 1.5 Lt,Coca Cola,Gaseosa
10715386708127,Chorizo Ahumado Gutfleish,Gutfleish,Chorizo
10717329948831,Mejillones Natural,Fidalga,Mejillones
10717330636959,Atun Van Camps,Fidalga,Atun
10717330964639,Atun Van Camps Agua Lomito,Fidalga,Atun en Agua
10717331849375,Lomitos de Atun,Fidalga,Lomitos de AtÃºn
10717332013215,Lomitos de Atun,Fidalga,Lomitos de AtÃºn
10717332897951,Atun Desmenuzado Norte,Fidalga,Atun
10717333291167,Atún en Aceite Girasol,Fidalga,Atun en Aceite
10824897167519,Gelatina Naranja Kris 250 Gr,Kris,Gelatina
10824898216095,Gelatina Piña Kris 250 Gr,Kris,Gelatina
10824898478239,Leche Descramada Pil Calcifem,Pil,Leche
10824898609311,Leche Descremada Proteplus,Pil,Leche
10824898969759,Leche Nutrimente Chocolate Pil,Pil,Leche Nutrimente
10824899100831,Leche Nutrimente Frutilla Pil,Pil,Leche Nutrimente
10824899330207,Yogurt Bebible Durazno Pil 1 L,Pil,Yogurt
10824899559583,Yogurt Bebible Mora Pil 1 L,Pil,Yogurt
10824901558431,Dulce de Leche,Pil,Dulce de Leche
10824902082719,Nectar Frutts Durazno Tetra 1 L,Pil,Nectar de Frutas
10824902541471,Nectar Frutts Manzana Pura Vida Tetra,Pil,Nectar de Frutas
10824903196831,Gatorade Fruto Rojo 400 Ml,CBN,Bebida Hridratante
10824903262367,Gatorade Mora Azul 400 ML,CBN,Bebida Hridratante
10824903884959,Refresco Durazno Kris 20 G,Kris,Refresco
10824904048799,Refresco Frambuesa Kris 20 G,Kris,Refresco
10824905130143,Refresco Frutilla Kris 20 G,Kris,Refresco
10824905293983,Refresco Limon Kris 20 G,Kris,Refresco
10824905359519,Refresco Mocochinchi Kris 20 G,Kris,Refresco
10824905457823,Refresco Naranja Kris 20 G,Kris,Refresco
10824905588895,Refresco Uva Kris 20 G,Kris,Refresco
10824906047647,Lavandina Mr Cloro 1 L,Mr Cloro,Lavandina
10825161539743,Leche Polvo Bonle 2 Kg,Bonle,Leche
10825161867423,Leche Instantánea Pil Light 760 Gr,Pil,Leche
10825162162335,Leche Polvo Bonle 800 G,Bonle,Leche
10825164128415,Nescafe Tradicao 160 G,Fidalga,Cafe
10825164914847,Nescafe Original 160 G,Fidalga,Cafe
10825165176991,Toddy Frasco 200 G,Nestle,Toddy
10831065055391,Cerveza Golden 269 ML,CBN,Cerveza
10831090548895,Gaseosa Pepsi Black 3 L,CBN,Gaseosa
10831153463455,Gaseosa Oriental Papaya 3 L,Fidalga,Gaseosa
10831230730399,Suerox Frutos Rojos Tropicales 630 ML,Fidalga,Suero Hidradante
10831273820319,Suerox Uva 630 ML,Fidalga,Suero Hidratante
10832967598239,Suerox Mora Azul 630 ML,Fidalga,Suerox Hidratante
10832971464863,Suerox Fresa Kiwi 630 ML,Fidalga,Suerox Hidratante
10832973398175,Suerox Naranja Mandarina 630 ML,Fidalga,Suerox Hidratante
10836801749151,Salsa Barbacoa Kris 430 G,Kris,Salsa
10836816724127,Salsa Golf Original Kris 380 G,Kris,Salsa
10836861386911,Yogurt Deslactosado Frutilla 1 L,Pil,Yogurt Deslactosado
10836862337183,Yogurt Deslactosado Crema Americana 1 L,Pil,Yogurt Deslactosado
10837609873567,Yogurt Bebible Frutilla Sachet 1 L,Delizia,Yogurt Bebible
10837611577503,Yogurt Bebible Durazno Sachet 1 L,Delizia,Yogurt Bebible
10837630058655,Nugget Safari Pollo Fridosa 500 G,Fridosa,Nuggets De Pollo
